user_id,name,email,age,preferences
1,Cody Martinez,howarddoris@example.com,27,"Hébergement, Family Activities"
2,Rachael Burke,rachael29@example.net,69,"Cultural Experiences, Solo Travel"
3,Angela Buckley,tararichards@example.net,39,Restauration
4,Justin Johnson MD,chaneyblake@example.net,39,"Street Food, Solo Travel"
5,Sean Hendrix MD,cstevens@example.org,49,"Workshops, Street Food, Cultural Experiences"
6,Monica Green,tarawang@example.org,64,"Family Activities, Restauration, Solo Travel"
7,Leah Estrada,sara77@example.org,45,Luxury Stays
8,Dr. Amanda Singh,malvarado@example.com,53,"Outdoor Adventures, Family Activities, Hébergement"
9,Daniel Gray,karenliu@example.com,27,Activités
10,Jamie Moody,gutierreztiffany@example.org,33,"Activités, Luxury Stays"
11,Nicholas Adams,kwright@example.org,73,"Street Food, Activités, Cultural Experiences"
12,Carrie Jones,davidboyd@example.org,21,"Outdoor Adventures, Hébergement"
13,Ashley Jones,dcruz@example.com,45,"Hébergement, Activités"
14,Sue Wise,rjackson@example.com,74,"Street Food, Activités"
15,Joseph Kline,barbararobinson@example.com,40,Street Food
16,Carol Green,jacobrogers@example.net,18,"Solo Travel, Activités"
17,Susan Nguyen,laurengiles@example.org,47,"Cultural Experiences, Street Food, Workshops"
18,Joshua Miller,amanda26@example.org,28,Workshops
19,Fred Howell,jenniferwilson@example.net,36,Hébergement
20,Tyler Taylor,shannonhill@example.net,58,"Luxury Stays, Hébergement, Solo Travel"
21,Sean Perez,danderson@example.net,53,"Hébergement, Solo Travel"
22,Jordan Williams,sylviaphillips@example.org,70,"Activités, Restauration, Street Food"
23,Alicia Ball,josephmiller@example.net,66,"Workshops, Restauration"
24,Danielle Buchanan DDS,moranjoshua@example.net,64,Luxury Stays
25,James Benson,jennifer51@example.net,50,"Luxury Stays, Activités"
26,Ashley Carson,fosteralyssa@example.org,35,"Street Food, Hébergement"
27,Thomas Lee,mmeyer@example.org,70,Activités
28,Ryan Garcia,rodriguezphilip@example.com,55,"Street Food, Luxury Stays, Activités"
29,Christopher Orr,leah97@example.com,19,Hébergement
30,Matthew Williamson,lawsonchristopher@example.com,25,Outdoor Adventures
31,Andrea Franklin,hlawrence@example.org,47,"Restauration, Activités, Hébergement"
32,Christina Knight,aherring@example.net,44,"Solo Travel, Family Activities"
33,Mrs. Sarah Davis,kennethjohnson@example.com,33,"Activités, Luxury Stays"
34,Samantha Carr,bergrandy@example.org,24,"Street Food, Restauration"
35,Anita Mosley,qlester@example.org,41,"Solo Travel, Outdoor Adventures, Activités"
36,Brian Miles,jonathanwhite@example.org,70,"Solo Travel, Cultural Experiences, Luxury Stays"
37,Joshua Lee,laura74@example.com,72,"Luxury Stays, Outdoor Adventures, Cultural Experiences"
38,Karen Aguirre,anthony42@example.org,65,Street Food
39,Joshua Carson,kimberly97@example.net,28,"Cultural Experiences, Street Food, Restauration"
40,Tamara Boyer,allennelson@example.com,65,"Outdoor Adventures, Solo Travel, Restauration"
41,Sarah Stark,destiny15@example.org,62,"Street Food, Cultural Experiences"
42,Nancy Hodge,qdavis@example.org,39,"Luxury Stays, Workshops, Activités"
43,Patricia Wiley,williampoole@example.com,70,"Cultural Experiences, Street Food, Restauration"
44,Joanne Williams,carteramanda@example.com,43,"Solo Travel, Activités"
45,Casey Hutchinson,john71@example.org,68,"Family Activities, Restauration, Street Food"
46,Keith Wilson,amanda12@example.com,50,"Family Activities, Solo Travel, Outdoor Adventures"
47,Ryan Hansen,jking@example.com,55,"Activités, Solo Travel, Workshops"
48,Daniel Vazquez,blackrobert@example.org,21,Cultural Experiences
49,Thomas Patel,cmason@example.net,56,"Activités, Luxury Stays"
50,Andrew Robinson,laura99@example.net,57,"Workshops, Solo Travel, Outdoor Adventures"
51,Tracy Roberts,andreacoleman@example.com,52,Hébergement
52,Victor Ellis,walter52@example.com,71,Workshops
53,Emily Parker,kathleen27@example.net,30,"Family Activities, Restauration, Workshops"
54,Emily Mclaughlin,weberamy@example.net,54,Family Activities
55,Kylie Williams,johnsondenise@example.net,51,"Luxury Stays, Street Food, Solo Travel"
56,Lisa Johnson,cassandrajohnson@example.com,47,Hébergement
57,Tara Benitez,jessicawalsh@example.net,35,Workshops
58,Rhonda Harmon,djackson@example.net,69,Street Food
59,Shannon Brooks,allenronald@example.net,61,"Family Activities, Solo Travel"
60,Edward Dunlap,elizabeth73@example.com,24,"Luxury Stays, Solo Travel"
61,Tiffany Tate,paul94@example.com,56,"Workshops, Hébergement, Activités"
62,Jody Simpson,kyle93@example.org,22,"Cultural Experiences, Restauration, Street Food"
63,Lori Pierce,susan90@example.net,18,"Hébergement, Restauration, Workshops"
64,Amy Parker,chaneylisa@example.org,36,Hébergement
65,Ashley Thomas,ybaker@example.com,58,"Hébergement, Solo Travel"
66,Jessica Chapman,shall@example.org,58,"Luxury Stays, Workshops, Family Activities"
67,Miguel Powell,deborah00@example.com,23,"Outdoor Adventures, Solo Travel"
68,William Miller DDS,marshwendy@example.net,74,"Outdoor Adventures, Luxury Stays, Workshops"
69,Michelle Davis,morrisontrevor@example.net,46,Workshops
70,Nicholas Wade,dcook@example.org,21,"Hébergement, Luxury Stays"
71,Amber Mckee,tmoore@example.net,36,"Luxury Stays, Street Food"
72,Terri Solomon,torresterrance@example.net,44,"Cultural Experiences, Family Activities, Luxury Stays"
73,James Smith,andrew99@example.org,33,"Hébergement, Restauration"
74,David Hayes,alyssasmith@example.com,57,"Luxury Stays, Restauration"
75,Larry Brown,zpeterson@example.com,22,Family Activities
76,Shawn Barnes,andrewperry@example.net,71,"Solo Travel, Restauration"
77,Ann Davis,lozanoseth@example.net,42,Family Activities
78,Richard Perry,sethtate@example.com,70,"Street Food, Cultural Experiences, Luxury Stays"
79,Amy Shannon,llee@example.net,50,Street Food
80,Tonya Welch,ubishop@example.com,48,"Luxury Stays, Hébergement, Workshops"
81,Sandy Roman,leachcharles@example.net,44,"Cultural Experiences, Restauration"
82,Kimberly Wagner,samantha18@example.org,48,"Activités, Hébergement, Cultural Experiences"
83,Karla Murillo,hollandstephen@example.org,27,"Restauration, Workshops, Cultural Experiences"
84,Peter Martin,elizabetherickson@example.org,24,"Family Activities, Activités"
85,Crystal Edwards,pedro00@example.net,30,"Solo Travel, Restauration"
86,Jamie Doyle,catherineflores@example.com,37,Restauration
87,Mariah Cook,juliehansen@example.com,35,Activités
88,Larry Carpenter,cmurray@example.org,24,"Hébergement, Solo Travel"
89,Joseph Garcia,donald53@example.com,46,Street Food
90,Michelle Evans,edward66@example.com,71,Restauration
91,Cody Boyd,arodriguez@example.org,41,Outdoor Adventures
92,Katherine Kirk,yujohn@example.org,43,"Street Food, Luxury Stays"
93,Claudia Castro,julie30@example.org,39,"Activités, Family Activities, Restauration"
94,Heather Taylor,jgreen@example.net,28,"Solo Travel, Family Activities"
95,Susan Flynn,greerrobert@example.com,69,"Solo Travel, Activités"
96,Robert Bradley,robinball@example.org,34,"Solo Travel, Outdoor Adventures"
97,Mary Baker,danielhowell@example.com,70,Luxury Stays
98,Heidi Smith,alishawarren@example.org,20,"Restauration, Outdoor Adventures"
99,Stephanie Turner,jharrison@example.com,55,"Hébergement, Family Activities"
100,James Carson,myersalexandra@example.org,37,"Family Activities, Hébergement"
101,Teresa Matthews,uthomas@example.com,19,"Street Food, Solo Travel"
102,Linda Bryant,nstone@example.com,45,"Cultural Experiences, Solo Travel"
103,Joanne Simpson,jasonrice@example.net,63,Outdoor Adventures
104,Kimberly Ford,lparker@example.net,30,"Solo Travel, Hébergement"
105,Maria Hammond,alee@example.net,30,Workshops
106,David Wilkinson,chavezbethany@example.com,66,Cultural Experiences
107,Ebony Obrien PhD,stephanie09@example.net,45,"Luxury Stays, Street Food"
108,Brad Walter,adamsdouglas@example.net,31,Hébergement
109,Austin Taylor,cprice@example.com,39,Family Activities
110,Hunter Moore,emilyporter@example.net,65,"Activités, Solo Travel, Luxury Stays"
111,Miguel Freeman,pearsonamy@example.net,51,"Cultural Experiences, Outdoor Adventures, Restauration"
112,Samantha Gallagher,brooksandrew@example.com,66,"Outdoor Adventures, Restauration, Cultural Experiences"
113,Jonathan Hancock,smoore@example.com,55,"Outdoor Adventures, Hébergement"
114,Dylan Hernandez,hernandezjoshua@example.net,29,"Hébergement, Activités, Cultural Experiences"
115,Erika Nguyen,zfernandez@example.com,31,"Family Activities, Solo Travel, Hébergement"
116,Teresa Freeman,houstoncynthia@example.net,73,Street Food
117,Mark David,jhall@example.org,65,Outdoor Adventures
118,Angela Winters,qalvarez@example.org,68,"Family Activities, Workshops"
119,Nicole Bailey,megandawson@example.com,47,Family Activities
120,Aaron Stuart,victorianelson@example.org,53,"Family Activities, Cultural Experiences"
121,Tracey Gregory,crobertson@example.com,36,Family Activities
122,Tracy Hurley,cookejoseph@example.org,24,"Family Activities, Workshops, Cultural Experiences"
123,Jennifer Miller,kennethlawson@example.com,20,"Cultural Experiences, Family Activities"
124,Heather Gomez,rossmichael@example.net,52,Street Food
125,Benjamin Bailey,wheelerjonathan@example.com,28,"Outdoor Adventures, Activités, Workshops"
126,Kristy Vega,ghuff@example.com,41,"Family Activities, Luxury Stays"
127,Maria Mills,lewisbrittany@example.org,41,"Hébergement, Workshops"
128,James Torres Jr.,xpowell@example.org,38,"Workshops, Solo Travel, Hébergement"
129,Heather Perez,james34@example.org,52,"Activités, Solo Travel, Hébergement"
130,Timothy Griffin,iharvey@example.net,46,Solo Travel
131,Michelle Haney,marymiller@example.org,56,"Solo Travel, Hébergement"
132,Mariah Henson,jamescruz@example.com,57,"Solo Travel, Cultural Experiences, Workshops"
133,Tiffany Mclean,juliejohnson@example.com,32,Hébergement
134,Austin Watson,ocooper@example.com,72,"Family Activities, Street Food, Activités"
135,Amanda Dunn,jennamoore@example.org,58,"Outdoor Adventures, Activités"
136,Malik Bond,cibarra@example.net,49,"Hébergement, Restauration"
137,Cheryl Compton,schultzmicheal@example.net,36,"Workshops, Hébergement"
138,Carl White,james11@example.org,31,"Activités, Cultural Experiences"
139,David Burke,williamterrell@example.org,66,"Solo Travel, Hébergement, Restauration"
140,Mr. Victor Snyder PhD,rwalsh@example.net,40,"Workshops, Solo Travel"
141,Heidi Butler,michaelarmstrong@example.org,62,"Cultural Experiences, Family Activities"
142,Amanda Giles,vclark@example.org,39,"Activités, Hébergement"
143,Angela Petty,williamsjoshua@example.net,41,"Luxury Stays, Workshops, Restauration"
144,David Dillon,weaverfrancisco@example.com,47,Luxury Stays
145,Robert West,norma20@example.net,25,"Cultural Experiences, Outdoor Adventures"
146,Jasmine Schmidt,wagnerjames@example.org,64,"Workshops, Outdoor Adventures"
147,Thomas Hunter,pcarr@example.org,30,"Hébergement, Outdoor Adventures"
148,Linda Willis,charlesweber@example.net,54,"Luxury Stays, Outdoor Adventures, Family Activities"
149,Joshua Villegas,guerrerogina@example.net,21,"Restauration, Activités, Outdoor Adventures"
150,Amanda Hall,uschneider@example.net,73,"Restauration, Workshops, Outdoor Adventures"
151,Kendra Hoffman,owensmatthew@example.net,23,Hébergement
152,Lindsey May,robertescobar@example.org,62,Workshops
153,Cynthia Hawkins,tanya09@example.com,71,"Solo Travel, Street Food"
154,Johnny Miller,wcox@example.com,56,"Cultural Experiences, Workshops"
155,Kevin Erickson,jasmin16@example.com,29,"Luxury Stays, Outdoor Adventures, Solo Travel"
156,Zachary Gordon,thomas57@example.org,75,Restauration
157,Tyler Ryan,fostercody@example.org,50,"Solo Travel, Cultural Experiences"
158,Tina Marsh,christyrios@example.com,61,"Family Activities, Street Food, Restauration"
159,Monica Smith,danielgonzalez@example.org,64,"Activités, Workshops"
160,Stephanie Smith,emosley@example.com,24,"Activités, Outdoor Adventures"
161,Heather Hill MD,jmullins@example.org,42,"Luxury Stays, Activités"
162,Emily Simpson,emily49@example.com,56,"Solo Travel, Cultural Experiences, Street Food"
163,Sonya Mcintyre,ohoward@example.com,70,"Family Activities, Cultural Experiences"
164,Angela Oliver,thomas56@example.org,35,"Street Food, Solo Travel, Workshops"
165,Lori Coleman,mcdonaldkimberly@example.com,55,Family Activities
166,Carrie Lambert,mlucas@example.net,32,"Hébergement, Workshops, Cultural Experiences"
167,Dawn Dixon,mahoneyeric@example.org,51,"Street Food, Cultural Experiences, Activités"
168,Benjamin Washington,kcollins@example.com,32,Family Activities
169,Joshua Kennedy,ronald81@example.com,66,Luxury Stays
170,Jennifer Santiago,audrey00@example.org,21,"Cultural Experiences, Hébergement, Activités"
171,Derek Ward,maxcole@example.net,31,"Hébergement, Outdoor Adventures, Workshops"
172,William Taylor,wpeterson@example.org,50,"Street Food, Solo Travel"
173,Christine Scott,tracy16@example.net,65,"Activités, Hébergement"
174,Lucas Palmer,leon62@example.com,67,Street Food
175,Darryl Mcdonald,charlesknight@example.com,36,"Solo Travel, Activités"
176,Chloe Wallace,krista47@example.org,52,"Restauration, Hébergement"
177,Colton Mccullough,margarettucker@example.com,30,Workshops
178,Eric Clark,mary44@example.com,71,Workshops
179,Andrew Evans,randallmunoz@example.org,42,"Solo Travel, Restauration"
180,Miss Becky Martinez PhD,andersonsamuel@example.com,69,Solo Travel
181,Gregory Chavez,simpsonbrandon@example.org,29,"Activités, Hébergement"
182,Erin Anderson,nancymclaughlin@example.com,21,Cultural Experiences
183,Samantha Valdez,jonestina@example.org,30,"Solo Travel, Luxury Stays, Family Activities"
184,Michael Mclean,tammy74@example.org,26,"Hébergement, Luxury Stays, Workshops"
185,Erin May,melindawilson@example.com,26,"Solo Travel, Restauration"
186,Cathy Chavez,michael33@example.com,49,Family Activities
187,Erin White,omorse@example.org,48,"Hébergement, Activités"
188,Jason Riley,taylorrobert@example.org,23,Solo Travel
189,Steven Jackson MD,kkey@example.net,56,"Solo Travel, Workshops"
190,Adam Lawrence,woodkelsey@example.com,63,Activités
191,Bryan Lawrence,eball@example.net,47,"Activités, Restauration, Luxury Stays"
192,Jack Garrett,margaretruiz@example.org,20,"Workshops, Cultural Experiences"
193,Elizabeth Conley,linda08@example.net,19,"Hébergement, Luxury Stays"
194,Lindsey Mendez,sarahmurray@example.org,63,"Cultural Experiences, Activités, Street Food"
195,Robert Collins,sarahwhite@example.com,25,"Restauration, Luxury Stays"
196,Jared Cross,marywalker@example.com,24,"Family Activities, Activités"
197,Erica Davidson,johnsonheather@example.org,53,"Family Activities, Restauration, Outdoor Adventures"
198,Donald Duran,rallen@example.org,50,"Hébergement, Restauration, Outdoor Adventures"
199,Mr. Jose Lynn MD,amber96@example.net,28,"Solo Travel, Cultural Experiences, Street Food"
200,Erik Moyer,nmoore@example.org,50,"Activités, Luxury Stays, Outdoor Adventures"
201,Samuel Moore,adamssteven@example.net,62,"Workshops, Street Food"
202,Mark Robinson,tnoble@example.net,26,Hébergement
203,Emily Reed,rachel47@example.com,42,"Restauration, Workshops"
204,Brian Moses,carriemiller@example.com,72,Outdoor Adventures
205,Carolyn Burke,tina40@example.com,68,"Family Activities, Cultural Experiences"
206,Megan Blankenship,brittanyadkins@example.net,23,"Street Food, Activités, Restauration"
207,Melissa Taylor,zsellers@example.net,59,"Street Food, Cultural Experiences"
208,Erin Williams,david89@example.net,48,"Hébergement, Solo Travel, Luxury Stays"
209,Melinda Green,mosesebony@example.net,61,"Luxury Stays, Solo Travel, Family Activities"
210,Janice Allen,christiandanny@example.org,74,Cultural Experiences
211,Heather Martinez,cruzdavid@example.net,36,"Workshops, Hébergement, Outdoor Adventures"
212,Russell Hill,bryan76@example.org,74,"Restauration, Street Food"
213,Kristen Morton,hectorholt@example.com,24,Cultural Experiences
214,Rachael Olson,robert91@example.com,20,"Family Activities, Hébergement, Luxury Stays"
215,Chad Stewart DDS,martineztimothy@example.org,69,Street Food
216,Jennifer Bradley,mmartin@example.org,38,"Activités, Solo Travel"
217,Roger Gonzales,keithmiller@example.com,51,"Family Activities, Activités, Restauration"
218,Timothy Edwards,webbrachel@example.com,24,"Cultural Experiences, Workshops, Hébergement"
219,Dawn Terry,frankgordon@example.com,24,"Outdoor Adventures, Family Activities, Solo Travel"
220,Cynthia Rowe,lsimmons@example.org,23,Hébergement
221,Amy Martin,tuckergabriel@example.com,56,Family Activities
222,Joshua Jackson,anna68@example.net,64,"Hébergement, Luxury Stays, Family Activities"
223,Dustin Liu,daisysmith@example.com,23,Family Activities
224,Donna Mcclain,darrellcoleman@example.net,38,"Restauration, Solo Travel"
225,Melissa Bolton,rwalker@example.com,68,"Hébergement, Workshops, Family Activities"
226,Melissa Boyle,xfitzpatrick@example.com,43,Street Food
227,Justin Rogers,loriwilson@example.net,51,Solo Travel
228,Nicholas Berry,montgomerymichael@example.net,19,"Restauration, Activités"
229,Natalie Padilla,renee24@example.com,40,"Cultural Experiences, Street Food, Solo Travel"
230,Erica Gonzalez,joshuamolina@example.com,64,"Workshops, Activités, Hébergement"
231,Peggy Brown,mary98@example.com,19,"Cultural Experiences, Luxury Stays, Hébergement"
232,Kathryn Williams,alyssasmith@example.net,75,"Hébergement, Street Food, Restauration"
233,Melissa Powell PhD,xwillis@example.org,59,"Restauration, Cultural Experiences"
234,Crystal Johnson,jamesmckinney@example.org,43,Restauration
235,Lindsey Reid,travis07@example.org,72,"Cultural Experiences, Solo Travel"
236,Mark Bright,kathy62@example.net,45,"Family Activities, Restauration, Street Food"
237,Thomas Potter,timothypatel@example.net,37,"Family Activities, Street Food, Hébergement"
238,Leslie Anderson,veronica21@example.com,52,"Street Food, Restauration, Hébergement"
239,Patrick Wilson,christian42@example.org,21,Cultural Experiences
240,John Fuller,mholden@example.org,47,"Activités, Luxury Stays"
241,Brittany Martin,lisa58@example.com,43,"Outdoor Adventures, Solo Travel, Cultural Experiences"
242,David Strickland,ppetty@example.net,42,Solo Travel
243,Rachel Murphy,davisrebecca@example.org,32,Hébergement
244,Christopher Silva,ostanley@example.com,64,Activités
245,Tristan Love,lisabautista@example.org,66,Street Food
246,Joseph Thomas,hscott@example.com,72,"Solo Travel, Restauration"
247,Christopher Armstrong,amoreno@example.org,75,Hébergement
248,Lindsay Collins,cheryl93@example.net,38,Outdoor Adventures
249,Sean Garcia,zcunningham@example.com,42,Hébergement
250,Bradley Kane,bruce19@example.com,61,"Activités, Workshops"
251,Bradley Norman,dale25@example.com,38,"Outdoor Adventures, Solo Travel, Luxury Stays"
252,Summer King,annettepineda@example.com,20,"Outdoor Adventures, Solo Travel"
253,Roger Mason DVM,rogersrobin@example.org,69,"Family Activities, Outdoor Adventures"
254,Jacqueline Ramirez,marymoyer@example.net,36,"Street Food, Solo Travel"
255,Kenneth Lynch,lindsey34@example.com,45,Outdoor Adventures
256,Christine Anderson,gconley@example.com,27,Workshops
257,Heather Becker,cherrymark@example.com,58,"Family Activities, Workshops"
258,Amy Ruiz,thompsonalexander@example.org,33,"Family Activities, Luxury Stays"
259,Jessica Roman,amyjones@example.org,35,"Street Food, Hébergement"
260,Cindy Bruce,bwood@example.com,45,"Street Food, Luxury Stays, Outdoor Adventures"
261,Edward Sims,reynoldswilliam@example.org,54,Activités
262,Rachael Carter,nelsonjessica@example.net,28,"Luxury Stays, Family Activities, Workshops"
263,Clinton Vega,msanchez@example.org,53,"Family Activities, Restauration, Cultural Experiences"
264,Alicia Hopkins,xjohnson@example.com,44,"Restauration, Street Food"
265,Edward Rhodes,christopher37@example.org,36,"Cultural Experiences, Luxury Stays"
266,Kristine Booth,carpenternatalie@example.net,57,"Street Food, Solo Travel, Luxury Stays"
267,Bradley Vazquez,christopherlyons@example.org,53,"Luxury Stays, Outdoor Adventures"
268,Amber Buchanan,roger06@example.org,73,"Solo Travel, Cultural Experiences, Restauration"
269,Howard Bailey,ohill@example.com,49,Solo Travel
270,Brittney Sexton,kimberly37@example.com,65,"Hébergement, Restauration, Outdoor Adventures"
271,Janet Pace,karen51@example.org,23,Restauration
272,Jennifer Williams,terryjoseph@example.net,39,Cultural Experiences
273,Michael Taylor,qwest@example.com,66,"Family Activities, Solo Travel"
274,Yolanda Johnson,douglas15@example.com,66,"Workshops, Street Food, Family Activities"
275,William Morgan,rogerscatherine@example.org,40,"Workshops, Outdoor Adventures"
276,Amy Hoffman,riverakristi@example.com,36,"Cultural Experiences, Street Food"
277,Jennifer Grimes,nancyking@example.org,29,Street Food
278,Raven Garcia,janet72@example.org,50,Family Activities
279,John Fitzgerald,jonathanchase@example.org,42,"Workshops, Hébergement, Luxury Stays"
280,Robert Church,erikwatson@example.com,23,Outdoor Adventures
281,Allen Joseph,andersonkyle@example.net,42,"Street Food, Hébergement"
282,Mark Sanchez MD,michael58@example.org,62,"Family Activities, Outdoor Adventures"
283,Joseph Reyes,davidhughes@example.net,54,"Workshops, Outdoor Adventures"
284,April Davila,manthony@example.net,72,"Hébergement, Family Activities, Activités"
285,Matthew Ball,hartmegan@example.org,18,"Workshops, Restauration"
286,Dana Rivera,anthony09@example.org,19,"Luxury Stays, Solo Travel"
287,Katherine Fields,ofrench@example.net,27,"Workshops, Street Food, Family Activities"
288,Cheryl Dougherty,davidwilson@example.org,65,Restauration
289,Debra Anderson,njohnson@example.com,40,"Workshops, Hébergement"
290,Trevor Russell,susanbrown@example.net,51,Solo Travel
291,Desiree Larsen,angelawiley@example.com,62,Hébergement
292,Scott Sullivan,barrywarren@example.com,51,Luxury Stays
293,Randall Arnold,yevans@example.org,24,Workshops
294,Antonio Johnson,michaelmartin@example.com,61,Street Food
295,Ryan Rosales,jenkinskristen@example.com,27,"Outdoor Adventures, Activités"
296,Joseph Hernandez,juanyoung@example.net,29,"Street Food, Outdoor Adventures, Cultural Experiences"
297,Tamara Mendez,vgarcia@example.com,42,"Street Food, Solo Travel"
298,Stuart Johnson,colemancharles@example.org,72,"Hébergement, Activités, Cultural Experiences"
299,Stacy Young,dixonwesley@example.net,58,Family Activities
300,Ms. Jessica Kane,cheryl52@example.com,22,"Street Food, Workshops"
